{"cameraMode":{"drawMode":0,"name":"Shaded","section":"Shading Mode"},"sceneLighting":true,"audioPlay":false,"sceneViewState":{"m_AlwaysRefresh":false,"showFog":true,"showSkybox":true,"showFlares":true,"showImageEffects":true,"showParticleSystems":true,"showVisualEffectGraphs":true,"m_FxEnabled":true},"in2DMode":false,"pivot":{"x":3.0757293701171877,"y":0.6197181940078735,"z":-0.050146594643592837},"rotation":{"x":-0.15575486421585084,"y":0.7011853456497192,"z":-0.16137178242206574,"w":-0.6767958402633667},"size":1.6184784173965455,"orthographic":false}